<?xml version="1.0" encoding="UTF-8"?>
<beans xmlns="http://www.springframework.org/schema/beans"
	xmlns:xsi="http://www.w3.org/2001/XMLSchema-instance"
	xsi:schemaLocation="http://www.springframework.org/schema/beans https://www.springframework.org/schema/beans/spring-beans.xsd">
	
	<!-- Root Context: defines shared resources visible to all other web components -->
	
		<!-- 
		root-context.xml : 스프링 설정을 위한 파일
		
		* 스프링 설정이란?
			- view와 관련되지 않은 객체를 정의
			- service(비즈니스 기능), DAO(repository:저장소), DB 등 비즈니스 로직과 관련된 설정
			- BasicDataSource dataSource = new BasicDataSource();
				dataSource.setDriverClassName("oracle.jdbc.driver.OracleDriver");
	 -->	
	 
	 
	 <!-- dataSource : 데이터베이스와 관련된 정보를 설정 -->
	 <bean id="dataSource" class="org.apache.commons.dbcp2.BasicDataSource" destroy-method="close">
	 	<property name="driverClassName" value="oracle.jdbc.driver.OracleDriver"/>
	 	<property name="url" value="jdbc:oracle:thin:@localhost:1521:xe"/>
	 	<property name="username" value="spring2"/>
	 	<property name="password" value="java"/>	 	
	 </bean>
	 
	 <!-- 
	 	데이터베이스와 연결을 맺고 끊어질 때까지의 라이프 사이클을 관리해주는 SqlSessionTemplate 객체를 생성한다.
	 	1) dataSource
	 	2) Mapper xml 위치 지정
	 	3) 마이바티스 설정 위치 지정
	  -->
	  
	 <bean id="sqlSessionFactory" class="org.mybatis.spring.SqlSessionFactoryBean">
	 	<property name="dataSource" ref="dataSource"/>
	 	<property name="mapperLocations" value="classpath:/sqlmap/**/*_SQL.xml"/>
	 	<property name="configLocation" value="/WEB-INF/mybatisAlias/mybatisAlias.xml"/>	 	
	 </bean>
	 
	 
	 <!-- 
	 	데이터베이스에 쿼리를 실행시키는 객체
	 	이 객체를 통해서 query를 실행한다.
	  -->
	  
	  <bean id="sqlSessiontemplate" class="org.mybatis.spring.SqlSessionTemplate">
	  	<constructor-arg name="sqlSessionFactory" index="0" ref="sqlSessionFactory"/>
	  </bean>
	  
	  <!-- 
	  		Mapper 인터페이스 설정
	  		개발자가 직접 DAO를 설정하지 않아도 자동으로 Mapper 인터페이스를 활용하는 객체를 생성하게 된다.
			== DAO 대신에 Mapper로 쓸 예정
	   -->
	   
	   <bean class="org.mybatis.spring.mapper.MapperScannerConfigurer">
	   	<property name="basePackage" value="kr.or.ddit.mapper"/>
	   </bean>
		
</beans>
